gallery__0001.jpg, Accessibility,,,
gallery__0002.jpg, Accessibility,,,
gallery__0003.jpg, Accessibility,,,
gallery__0004.jpg, Me, Bikes, Accessibility,
gallery__0005.jpg, Accessibility, Book,,
gallery__0006.jpg, Computers, Accessibility,,
gallery__0007.jpg, Past work life, Computers, Accessibility,
gallery__0008.jpg, Past work life, Computers, Accessibility,
gallery__0009.jpg, Computers, Accessibility, Views,
gallery__0010.jpg, Conferences, Accessibility,,
gallery__0011.jpg, Accessibility, Conferences,,
gallery__0012.jpg, Accessibility, Conferences,,
gallery__0013.jpg, Conferences, Accessibility,,
gallery__0014.jpg, Accessibility, Conferences,,
gallery__0015.jpg, Accessibility, Conferences,,
gallery__0016.jpg, Accessibility, Home life, Conferences,
gallery__0017.jpg, Accessibility, Conferences, Me,
gallery__0018.jpg, Conferences, Accessibility, Past work life,
gallery__0019.jpg, Me, Accessibility,,
gallery__0020.jpg, Me, Views, Accessibility,
gallery__0021.jpg, Bagley, Computers, Home life,
gallery__0022.jpg, Computers, Home life, Bagley,
gallery__0023.jpg, Computers, Home life, Bagley,
gallery__0024.jpg, Home life, Bagley,,
gallery__0025.jpg, Bagley, Home life,,
gallery__0026.jpg, Bagley, Home life,,
gallery__0027.jpg, Bagley, Home life,,
gallery__0028.jpg, Bagley, Rainier, Home life,
gallery__0029.jpg, Bagley, Rainier, Home life,
gallery__0030.jpg, Bagley, Pets,,
gallery__0031.jpg, Beer,,,
gallery__0032.jpg, Beer,,,
gallery__0033.jpg, Beer,,,
gallery__0034.jpg, Beer, Bikes,,
gallery__0035.jpg, Bikes, Beer, Views,
gallery__0036.jpg, Computers, Beer, Past work life,
gallery__0037.jpg, Beer, Travel, Me,
gallery__0038.jpg, Beer, Travel,,
gallery__0039.jpg, Bikes,,,
gallery__0040.jpg, Bikes,,,
gallery__0041.jpg, Bikes,,,
gallery__0042.jpg, Bikes,,,
gallery__0043.jpg, Bikes,,,
gallery__0044.jpg, Bikes,,,
gallery__0045.jpg, Bikes,,,
gallery__0046.jpg, Bikes,,,
gallery__0047.jpg, Bikes,,,
gallery__0048.jpg, Bikes,,,
gallery__0049.jpg, Bikes,,,
gallery__0050.jpg, Bikes,,,
gallery__0051.jpg, Bikes,,,
gallery__0052.jpg, Bikes,,,
gallery__0053.jpg, Home life, Fitness, Computers, Bikes
gallery__0054.jpg, Travel, Bikes, Conferences,
gallery__0055.jpg, Views, Bikes, Hiking,
gallery__0056.jpg, Bikes, Home life,,
gallery__0057.jpg, Home life, Bikes,,
gallery__0058.jpg, Iceberg the Adventure Van, Bikes,,
gallery__0059.jpg, Bikes, Iceberg the Adventure Van, Me,
gallery__0060.jpg, Bikes, Me,,
gallery__0061.jpg, Me, Bikes,,
gallery__0062.jpg, Me, Bikes,,
gallery__0063.jpg, Bikes, Me,,
gallery__0064.jpg, Bikes, Me,,
gallery__0065.jpg, Me, Rainier, Bikes,
gallery__0066.jpg, Me, Bikes, Travel,
gallery__0067.jpg, Bikes, Me, Views,
gallery__0068.jpg, Past work life, Bikes,,
gallery__0069.jpg, Bikes, Views, Past work life,
gallery__0070.jpg, Views, Bikes, Past work life,
gallery__0071.jpg, Bikes, Rainier,,
gallery__0072.jpg, Bikes, Views,,
gallery__0073.jpg, Bikes, Views,,
gallery__0074.jpg, Bikes, Views,,
gallery__0075.jpg, Bikes, Views,,
gallery__0076.jpg, Views, Bikes,,
gallery__0077.jpg, Bikes, Views,,
gallery__0078.jpg, Bikes, Views,,
gallery__0079.jpg, Bikes, Views,,
gallery__0080.jpg, Views, Bikes,,
gallery__0081.jpg, Bikes, Views,,
gallery__0082.jpg, Bikes, Views,,
gallery__0083.jpg, Views, Bikes,,
gallery__0084.jpg, Bikes, Views,,
gallery__0085.jpg, Bikes, Views,,
gallery__0086.jpg, Bikes, Views,,
gallery__0087.jpg, coffee,,,
gallery__0088.jpg, Computers, coffee, Past work life,
gallery__0089.jpg, Computers, Views, coffee,
gallery__0090.jpg, Computers,,,
gallery__0091.jpg, Conferences, Computers,,
gallery__0092.jpg, Conferences, Home life, Computers,
gallery__0093.jpg, Computers, Conferences, Me,
gallery__0094.jpg, Computers, Snow, Conferences,
gallery__0095.jpg, Home life, Fitness, Computers,
gallery__0096.jpg, Computers, Fitness, Home life,
gallery__0097.jpg, Home life, Computers,,
gallery__0098.jpg, Home life, Computers,,
gallery__0099.jpg, Computers, Home life,,
gallery__0100.jpg, Me, Rainier, Computers, Home life
gallery__0101.jpg, Computers, Home life, Past work life,
gallery__0102.jpg, Home life, Computers, Snow,
gallery__0103.jpg, Computers, Iceberg the Adventure Van,,
gallery__0104.jpg, Computers, Me,,
gallery__0105.jpg, Computers, Past work life,,
gallery__0106.jpg, Past work life, Computers,,
gallery__0107.jpg, Computers, Past work life,,
gallery__0108.jpg, Computers, Past work life,,
gallery__0109.jpg, Conferences,,,
gallery__0110.jpg, Conferences,,,
gallery__0111.jpg, Conferences,,,
gallery__0112.jpg, Conferences,,,
gallery__0113.jpg, Conferences,,,
gallery__0114.jpg, Conferences,,,
gallery__0115.jpg, Conferences,,,
gallery__0116.jpg, Conferences,,,
gallery__0117.jpg, Conferences,,,
gallery__0118.jpg, Conferences,,,
gallery__0119.jpg, Conferences,,,
gallery__0120.jpg, Me, Fitness, Conferences,
gallery__0121.jpg, Conferences, Home life,,
gallery__0122.jpg, Me, Conferences, Home life,
gallery__0123.jpg, Me, Conferences,,
gallery__0124.jpg, Conferences, Me,,
gallery__0125.jpg, Me, Conferences,,
gallery__0126.jpg, Me, Conferences,,
gallery__0127.jpg, Me, Conferences,,
gallery__0128.jpg, Conferences, Me,,
gallery__0129.jpg, Conferences, Me,,
gallery__0130.jpg, Me, Conferences,,
gallery__0131.jpg, Me, Travel, Conferences,
gallery__0132.jpg, Travel, Conferences,,
gallery__0133.jpg, Conferences, Travel,,
gallery__0134.jpg, Conferences, Travel,,
gallery__0135.jpg, Conferences, Travel,,
gallery__0136.jpg, Conferences, Travel,,
gallery__0137.jpg, Conferences, Travel,,
gallery__0138.jpg, Travel, Conferences,,
gallery__0139.jpg, Snow, Fitness,,
gallery__0140.jpg, Me, Home life, Hiking,
gallery__0141.jpg, Rainier, Home life, Hiking,
gallery__0142.jpg, Views, Hiking, Home life,
gallery__0143.jpg, Hiking, Me,,
gallery__0144.jpg, Rainier, Me, Hiking,
gallery__0145.jpg, Me, Rainier, Hiking,
gallery__0146.jpg, Me, Rainier, Hiking,
gallery__0147.jpg, Rainier, Me, Hiking,
gallery__0148.jpg, Hiking, Views, Me, Rainier
gallery__0149.jpg, Me, Views, Hiking, Rainier
gallery__0150.jpg, Me, Wally, Hiking,
gallery__0151.jpg, Rainier, Hiking,,
gallery__0152.jpg, Rainier, Travel, Views, Hiking
gallery__0153.jpg, Views, Rainier, Hiking,
gallery__0154.jpg, Hiking, Views, Rainier,
gallery__0155.jpg, Views, Rainier, Hiking,
gallery__0156.jpg, Hiking, Views, Rainier,
gallery__0157.jpg, Views, Hiking, Rainier,
gallery__0158.jpg, Views, Travel, Hiking,
gallery__0159.jpg, Travel, Hiking, Views,
gallery__0160.jpg, Hiking, Views,,
gallery__0161.jpg, Hiking, Views,,
gallery__0162.jpg, Views, Hiking,,
gallery__0163.jpg, Views, Hiking,,
gallery__0164.jpg, Views, Hiking,,
gallery__0165.jpg, Hiking, Views,,
gallery__0166.jpg, Hiking, Views,,
gallery__0167.jpg, Views, Hiking,,
gallery__0168.jpg, Hiking, Views,,
gallery__0169.jpg, Views, Hiking,,
gallery__0170.jpg, Hiking, Views,,
gallery__0171.jpg, Views, Hiking,,
gallery__0172.jpg, Hiking, Views,,
gallery__0173.jpg, Hiking, Views,,
gallery__0174.jpg, Hiking, Views,,
gallery__0175.jpg, Views, Hiking,,
gallery__0176.jpg, Views, Hiking, Wally,
gallery__0177.jpg, Home life,,,
gallery__0178.jpg, Home life,,,
gallery__0179.jpg, Home life,,,
gallery__0180.jpg, Home life,,,
gallery__0181.jpg, Iceberg the Adventure Van, Home life, Me,
gallery__0182.jpg, Me, Home life,,
gallery__0183.jpg, Me, Home life,,
gallery__0184.jpg, Me, Home life,,
gallery__0185.jpg, Home life, Me,,
gallery__0186.jpg, Home life, Me,,
gallery__0187.jpg, Me, Home life,,
gallery__0188.jpg, Me, Home life,,
gallery__0189.jpg, Past work life, Me, Home life,
gallery__0190.jpg, Me, Rainier, Home life,
gallery__0191.jpg, Pie, Home life,,
gallery__0192.jpg, Pie, Home life,,
gallery__0193.jpg, Home life, Pie,,
gallery__0194.jpg, Pie, Home life,,
gallery__0195.jpg, Home life, Pie,,
gallery__0196.jpg, Pie, Home life,,
gallery__0197.jpg, Rainier, Home life,,
gallery__0198.jpg, Rainier, Home life,,
gallery__0199.jpg, Home life, Rainier,,
gallery__0200.jpg, Rainier, Home life,,
gallery__0201.jpg, Travel, Home life,,
gallery__0202.jpg, Home life, Travel,,
gallery__0203.jpg, Home life, Views,,
gallery__0204.jpg, Me, Views, Iceberg the Adventure Van,
gallery__0205.jpg, Iceberg the Adventure Van, Views, Me,
gallery__0206.jpg, Iceberg the Adventure Van, Snow,,
gallery__0207.jpg, Iceberg the Adventure Van, Travel,,
gallery__0208.jpg, Iceberg the Adventure Van, Travel, Views,
gallery__0209.jpg, Iceberg the Adventure Van, Views, Travel,
gallery__0210.jpg, Me,,,
gallery__0211.jpg, Me,,,
gallery__0212.jpg, Me,,,
gallery__0213.jpg, Me,,,
gallery__0214.jpg, Me,,,
gallery__0215.jpg, Me,,,
gallery__0216.jpg, Me,,,
gallery__0217.jpg, Me,,,
gallery__0218.jpg, Me,,,
gallery__0219.jpg, Me,,,
gallery__0220.jpg, Me, Past work life,,
gallery__0221.jpg, Me, Rainier,,
gallery__0222.jpg, Snow, Me, Rainier,
gallery__0223.jpg, Snow, Me,,
gallery__0224.jpg, Snow, Me,,
gallery__0225.jpg, Snow, Me,,
gallery__0226.jpg, Me, Snow,,
gallery__0227.jpg, Me, Snow,,
gallery__0228.jpg, Travel, Views, Snow, Me
gallery__0229.jpg, Me, Travel,,
gallery__0230.jpg, Me, Travel,,
gallery__0231.jpg, Me, Views, Travel,
gallery__0232.jpg, Me, Views,,
gallery__0233.jpg, Music,,,
gallery__0234.jpg, Past work life,,,
gallery__0235.jpg, Past work life,,,
gallery__0236.jpg, Past work life, Views,,
gallery__0237.jpg, Past work life, Wally,,
gallery__0238.jpg, Pets, Rainier,,
gallery__0239.jpg, Rainier, Pets,,
gallery__0240.jpg, Rainier, Pets,,
gallery__0241.jpg, Pie,,,
gallery__0242.jpg, Rainier,,,
gallery__0243.jpg, Rainier,,,
gallery__0244.jpg, Rainier,,,
gallery__0245.jpg, Rainier,,,
gallery__0246.jpg, Rainier,,,
gallery__0247.jpg, Rainier,,,
gallery__0248.jpg, Rainier,,,
gallery__0249.jpg, Snow, Rainier,,
gallery__0250.jpg, Rainier, Snow,,
gallery__0251.jpg, Snow, Views, Rainier,
gallery__0252.jpg, Rainier, Views,,
gallery__0253.jpg, Snow,,,
gallery__0254.jpg, Snow,,,
gallery__0255.jpg, Snow,,,
gallery__0256.jpg, Snow,,,
gallery__0257.jpg, Travel, Views, Snow,
gallery__0258.jpg, Travel, Snow, Views,
gallery__0259.jpg, Views, Snow,,
gallery__0260.jpg, Snow, Views,,
gallery__0261.jpg, Snow, Views,,
gallery__0262.jpg, Snow, Views,,
gallery__0263.jpg, Snow, Views,,
gallery__0264.jpg, Snow, Views,,
gallery__0265.jpg, Snow, Views,,
gallery__0266.jpg, Views, Snow,,
gallery__0267.jpg, Snow, Wally,,
gallery__0268.jpg, Travel,,,
gallery__0269.jpg, Views, Travel,,
gallery__0270.jpg, Views, Travel,,
gallery__0271.jpg, Views, Travel,,
gallery__0272.jpg, Views,,,
gallery__0273.jpg, Views,,,
gallery__0274.jpg, Views,,,
gallery__0275.jpg, Views,,,
gallery__0276.jpg, Views,,,
gallery__0277.jpg, Views,,,
gallery__0278.jpg, Views,,,
gallery__0279.jpg, Views,,,
gallery__0280.jpg, Wally,,,
gallery__0281.jpg, Wally,,,
gallery__0282.jpg, Wally,,,